Algorithm,ArrayType,Size,AvgTime(us),AvgComparisons,Iterations
QuickSort,Random,100,4.8208,753,5
MergeSort,Random,100,41.5954,603,5
QuickSort,Reverse,100,3.8152,938,5
MergeSort,Reverse,100,41.2426,590,5
QuickSort,NearlySorted,100,3.4462,930,5
MergeSort,NearlySorted,100,37.8382,808,5
QuickSort,Prefix,100,15.677,32653,5
MergeSort,Prefix,100,47.5218,27956,5
StringQuickSort,Random,100,5.6542,762,5
StringMergeSort,Random,100,52.5112,1047,5
MSDRadixSort,Random,100,35.1334,0,5
MSDRadixSort+QS,Random,100,9.9342,96,5
StringQuickSort,Reverse,100,3.4042,570,5
StringMergeSort,Reverse,100,45.9474,1368,5
MSDRadixSort,Reverse,100,26.1922,0,5
MSDRadixSort+QS,Reverse,100,12.2148,406,5
StringQuickSort,NearlySorted,100,3.8128,620,5
StringMergeSort,NearlySorted,100,65.2908,1370,5
MSDRadixSort,NearlySorted,100,30.2784,0,5
MSDRadixSort+QS,NearlySorted,100,11.8962,385,5
StringQuickSort,Prefix,100,13.8216,5655,5
StringMergeSort,Prefix,100,94.6394,29683,5
MSDRadixSort,Prefix,100,173.642,0,5
MSDRadixSort+QS,Prefix,100,159.003,97,5
QuickSort,Random,200,11.5772,1628,5
MergeSort,Random,200,99.4608,1516,5
QuickSort,Reverse,200,8.7302,2086,5
MergeSort,Reverse,200,93.5676,1314,5
QuickSort,NearlySorted,200,8.3174,2151,5
MergeSort,NearlySorted,200,87.7368,1790,5
QuickSort,Prefix,200,37.6558,79467,5
MergeSort,Prefix,200,119.233,65891,5
StringQuickSort,Random,200,11.5556,1560,5
StringMergeSort,Random,200,121.107,2552,5
MSDRadixSort,Random,200,70.9338,0,5
MSDRadixSort+QS,Random,200,21.572,326,5
StringQuickSort,Reverse,200,7.8746,1279,5
StringMergeSort,Reverse,200,108.898,3205,5
MSDRadixSort,Reverse,200,58.33,0,5
MSDRadixSort+QS,Reverse,200,26.6652,850,5
StringQuickSort,NearlySorted,200,8.592,1422,5
StringMergeSort,NearlySorted,200,130.658,3189,5
MSDRadixSort,NearlySorted,200,93.4054,0,5
MSDRadixSort+QS,NearlySorted,200,33.057,808,5
StringQuickSort,Prefix,200,31.0396,11739,5
StringMergeSort,Prefix,200,230.054,69756,5
MSDRadixSort,Prefix,200,316.212,0,5
MSDRadixSort+QS,Prefix,200,284.722,298,5
QuickSort,Random,300,19.9452,3194,5
MergeSort,Random,300,164.026,2540,5
QuickSort,Reverse,300,13.2906,3387,5
MergeSort,Reverse,300,149.022,2097,5
QuickSort,NearlySorted,300,12.8256,3310,5
MergeSort,NearlySorted,300,147.886,2923,5
QuickSort,Prefix,300,73.1616,158561,5
MergeSort,Prefix,300,196.612,107225,5
StringQuickSort,Random,300,23.145,2947,5
StringMergeSort,Random,300,202.253,4223,5
MSDRadixSort,Random,300,101.61,0,5
MSDRadixSort+QS,Random,300,35.9666,645,5
StringQuickSort,Reverse,300,12.5892,2070,5
StringMergeSort,Reverse,300,180.435,5211,5
MSDRadixSort,Reverse,300,85.2678,0,5
MSDRadixSort+QS,Reverse,300,39.2084,1298,5
StringQuickSort,NearlySorted,300,14.7094,2328,5
StringMergeSort,NearlySorted,300,182.246,5235,5
MSDRadixSort,NearlySorted,300,97.0498,0,5
MSDRadixSort+QS,NearlySorted,300,38.3272,1229,5
StringQuickSort,Prefix,300,49.167,17739,5
StringMergeSort,Prefix,300,363.351,113644,5
MSDRadixSort,Prefix,300,464.138,0,5
MSDRadixSort+QS,Prefix,300,454.675,602,5
QuickSort,Random,400,28.5228,4072,5
MergeSort,Random,400,231.553,3692,5
QuickSort,Reverse,400,18.9292,4623,5
MergeSort,Reverse,400,207.685,2838,5
QuickSort,NearlySorted,400,18.1076,4624,5
MergeSort,NearlySorted,400,205.794,4063,5
QuickSort,Prefix,400,156.037,190911,5
MergeSort,Prefix,400,273.267,152108,5
StringQuickSort,Random,400,30.0174,3524,5
StringMergeSort,Random,400,265.825,6086,5
MSDRadixSort,Random,400,124.21,0,5
MSDRadixSort+QS,Random,400,46.921,966,5
StringQuickSort,Reverse,400,18.0194,2945,5
StringMergeSort,Reverse,400,235.789,7325,5
MSDRadixSort,Reverse,400,118.938,0,5
MSDRadixSort+QS,Reverse,400,48.6182,1731,5
StringQuickSort,NearlySorted,400,19.7826,3009,5
StringMergeSort,NearlySorted,400,243.685,7302,5
MSDRadixSort,NearlySorted,400,145.558,0,5
MSDRadixSort+QS,NearlySorted,400,65.5776,1648,5
StringQuickSort,Prefix,400,83.7594,23345,5
StringMergeSort,Prefix,400,510.434,160473,5
MSDRadixSort,Prefix,400,594.031,0,5
MSDRadixSort+QS,Prefix,400,535.945,964,5
QuickSort,Random,500,44.2742,6796,5
MergeSort,Random,500,295.56,4895,5
QuickSort,Reverse,500,24.355,5928,5
MergeSort,Reverse,500,266.542,3747,5
QuickSort,NearlySorted,500,25.1326,6077,5
MergeSort,NearlySorted,500,269.814,5165,5
QuickSort,Prefix,500,134.77,241206,5
MergeSort,Prefix,500,617.983,196723,5
StringQuickSort,Random,500,42.2562,5266,5
StringMergeSort,Random,500,340.044,7989,5
MSDRadixSort,Random,500,141.899,0,5
MSDRadixSort+QS,Random,500,60.8086,1337,5
StringQuickSort,Reverse,500,22.548,3724,5
StringMergeSort,Reverse,500,345.457,9499,5
MSDRadixSort,Reverse,500,147.361,0,5
MSDRadixSort+QS,Reverse,500,56.5688,2158,5
StringQuickSort,NearlySorted,500,26.8798,4235,5
StringMergeSort,NearlySorted,500,309.305,9411,5
MSDRadixSort,NearlySorted,500,148.014,0,5
MSDRadixSort+QS,NearlySorted,500,57.2222,2077,5
StringQuickSort,Prefix,500,83.6232,29475,5
StringMergeSort,Prefix,500,660.689,207337,5
MSDRadixSort,Prefix,500,724.707,0,5
MSDRadixSort+QS,Prefix,500,665.471,1323,5
QuickSort,Random,600,56.034,7625,5
MergeSort,Random,600,366.743,6121,5
QuickSort,Reverse,600,29.9494,7304,5
MergeSort,Reverse,600,332.098,4472,5
QuickSort,NearlySorted,600,32.31,7720,5
MergeSort,NearlySorted,600,337.363,6525,5
QuickSort,Prefix,600,143.821,310346,5
MergeSort,Prefix,600,520.214,245051,5
StringQuickSort,Random,600,47.8146,5362,5
StringMergeSort,Random,600,417.944,10017,5
MSDRadixSort,Random,600,154.745,0,5
MSDRadixSort+QS,Random,600,67.363,1798,5
StringQuickSort,Reverse,600,30.326,4935,5
StringMergeSort,Reverse,600,398.276,11823,5
MSDRadixSort,Reverse,600,175.383,0,5
MSDRadixSort+QS,Reverse,600,68.2184,2618,5
StringQuickSort,NearlySorted,600,32.1214,4843,5
StringMergeSort,NearlySorted,600,399.415,11690,5
MSDRadixSort,NearlySorted,600,176.918,0,5
MSDRadixSort+QS,NearlySorted,600,72.3182,2452,5
StringQuickSort,Prefix,600,116.666,35836,5
StringMergeSort,Prefix,600,843.566,258805,5
MSDRadixSort,Prefix,600,876.977,0,5
MSDRadixSort+QS,Prefix,600,786.941,1778,5
QuickSort,Random,700,64.353,9080,5
MergeSort,Random,700,430.8,7456,5
QuickSort,Reverse,700,37.4714,8820,5
MergeSort,Reverse,700,464.044,5262,5
QuickSort,NearlySorted,700,42.8374,9575,5
MergeSort,NearlySorted,700,401.44,7876,5
QuickSort,Prefix,700,175.956,367606,5
MergeSort,Prefix,700,525.624,294897,5
StringQuickSort,Random,700,62.7864,7854,5
StringMergeSort,Random,700,500.369,12151,5
MSDRadixSort,Random,700,178.228,0,5
MSDRadixSort+QS,Random,700,80.9122,2186,5
StringQuickSort,Reverse,700,34.4598,5621,5
StringMergeSort,Reverse,700,475.127,14221,5
MSDRadixSort,Reverse,700,211.714,0,5
MSDRadixSort+QS,Reverse,700,79.251,3038,5
StringQuickSort,NearlySorted,700,39.2528,5871,5
StringMergeSort,NearlySorted,700,548.013,14116,5
MSDRadixSort,NearlySorted,700,212.654,0,5
MSDRadixSort+QS,NearlySorted,700,82.1882,2931,5
StringQuickSort,Prefix,700,117.544,41523,5
StringMergeSort,Prefix,700,983.541,310959,5
MSDRadixSort,Prefix,700,1000.65,0,5
MSDRadixSort+QS,Prefix,700,1376.98,2172,5
QuickSort,Random,800,89.0448,10274,5
MergeSort,Random,800,547.515,8836,5
QuickSort,Reverse,800,43.2222,10140,5
MergeSort,Reverse,800,468.664,6097,5
QuickSort,NearlySorted,800,46.7246,10847,5
MergeSort,NearlySorted,800,473.993,9013,5
QuickSort,Prefix,800,219.461,464574,5
MergeSort,Prefix,800,628.232,345772,5
StringQuickSort,Random,800,71.6628,8642,5
StringMergeSort,Random,800,573.028,14335,5
MSDRadixSort,Random,800,194.32,0,5
MSDRadixSort+QS,Random,800,93.816,2687,5
StringQuickSort,Reverse,800,40.7074,6633,5
StringMergeSort,Reverse,800,522.106,16573,5
MSDRadixSort,Reverse,800,239.462,0,5
MSDRadixSort+QS,Reverse,800,90.4492,3475,5
StringQuickSort,NearlySorted,800,49.1626,6914,5
StringMergeSort,NearlySorted,800,542.277,16378,5
MSDRadixSort,NearlySorted,800,236.829,0,5
MSDRadixSort+QS,NearlySorted,800,93.5734,3363,5
StringQuickSort,Prefix,800,139.911,47946,5
StringMergeSort,Prefix,800,1114.33,363102,5
MSDRadixSort,Prefix,800,1154.35,0,5
MSDRadixSort+QS,Prefix,800,1082.16,2590,5
QuickSort,Random,900,107.276,12509,5
MergeSort,Random,900,606.019,10215,5
QuickSort,Reverse,900,50.0846,11586,5
MergeSort,Reverse,900,524.278,7035,5
QuickSort,NearlySorted,900,51.4594,11728,5
MergeSort,NearlySorted,900,538.374,10367,5
QuickSort,Prefix,900,253.215,537817,5
MergeSort,Prefix,900,726.008,396674,5
StringQuickSort,Random,900,80.6856,9859,5
StringMergeSort,Random,900,641.297,16507,5
MSDRadixSort,Random,900,227.185,0,5
MSDRadixSort+QS,Random,900,106.894,3202,5
StringQuickSort,Reverse,900,47.0312,7634,5
StringMergeSort,Reverse,900,589.138,19033,5
MSDRadixSort,Reverse,900,270.898,0,5
MSDRadixSort+QS,Reverse,900,99.9134,3938,5
StringQuickSort,NearlySorted,900,55.2244,7847,5
StringMergeSort,NearlySorted,900,624.474,18798,5
MSDRadixSort,NearlySorted,900,272.133,0,5
MSDRadixSort+QS,NearlySorted,900,108.249,3766,5
StringQuickSort,Prefix,900,158.45,54301,5
StringMergeSort,Prefix,900,1294.88,415289,5
MSDRadixSort,Prefix,900,1634.87,0,5
MSDRadixSort+QS,Prefix,900,1221.4,3197,5
QuickSort,Random,1000,130.171,14839,5
MergeSort,Random,1000,688.474,11687,5
QuickSort,Reverse,1000,55.1222,12995,5
MergeSort,Reverse,1000,591.861,8017,5
QuickSort,NearlySorted,1000,62.656,14000,5
MergeSort,NearlySorted,1000,603.877,11570,5
QuickSort,Prefix,1000,282.518,588134,5
MergeSort,Prefix,1000,804.589,447718,5
StringQuickSort,Random,1000,91.5458,10424,5
StringMergeSort,Random,1000,725.557,18776,5
MSDRadixSort,Random,1000,244.174,0,5
MSDRadixSort+QS,Random,1000,119.986,3695,5
StringQuickSort,Reverse,1000,53.223,8490,5
StringMergeSort,Reverse,1000,649.867,21403,5
MSDRadixSort,Reverse,1000,303.374,0,5
MSDRadixSort+QS,Reverse,1000,111.366,4384,5
StringQuickSort,NearlySorted,1000,61.0154,8800,5
StringMergeSort,NearlySorted,1000,682.894,21110,5
MSDRadixSort,NearlySorted,1000,295.015,0,5
MSDRadixSort+QS,NearlySorted,1000,119.035,4231,5
StringQuickSort,Prefix,1000,181.204,61914,5
StringMergeSort,Prefix,1000,1478.29,467488,5
MSDRadixSort,Prefix,1000,1445.15,0,5
MSDRadixSort+QS,Prefix,1000,1359.78,3632,5
QuickSort,Random,1100,103.49,15658,5
MergeSort,Random,1100,746.081,13038,5
QuickSort,Reverse,1100,63.6662,14522,5
MergeSort,Reverse,1100,665.794,8768,5
QuickSort,NearlySorted,1100,68.9576,15796,5
MergeSort,NearlySorted,1100,683.232,13072,5
QuickSort,Prefix,1100,313.307,668204,5
MergeSort,Prefix,1100,883.716,499108,5
StringQuickSort,Random,1100,101.899,11967,5
StringMergeSort,Random,1100,853.516,21027,5
MSDRadixSort,Random,1100,272.092,0,5
MSDRadixSort+QS,Random,1100,137.048,4186,5
StringQuickSort,Reverse,1100,62.199,9593,5
StringMergeSort,Reverse,1100,794.604,23966,5
MSDRadixSort,Reverse,1100,334.957,0,5
MSDRadixSort+QS,Reverse,1100,120.904,4824,5
StringQuickSort,NearlySorted,1100,73.1396,11004,5
StringMergeSort,NearlySorted,1100,806.246,23667,5
MSDRadixSort,NearlySorted,1100,319.146,0,5
MSDRadixSort+QS,NearlySorted,1100,125.315,4630,5
StringQuickSort,Prefix,1100,196.42,67180,5
StringMergeSort,Prefix,1100,1677.44,523603,5
MSDRadixSort,Prefix,1100,1597.79,0,5
MSDRadixSort+QS,Prefix,1100,1479.47,4171,5
QuickSort,Random,1200,128.159,18283,5
MergeSort,Random,1200,832.957,14565,5
QuickSort,Reverse,1200,68.6792,15830,5
MergeSort,Reverse,1200,741.723,9483,5
QuickSort,NearlySorted,1200,72.186,16910,5
MergeSort,NearlySorted,1200,760.832,14441,5
QuickSort,Prefix,1200,356.148,758478,5
MergeSort,Prefix,1200,1001.81,553264,5
StringQuickSort,Random,1200,114.957,13873,5
StringMergeSort,Random,1200,931.595,23455,5
MSDRadixSort,Random,1200,288.433,0,5
MSDRadixSort+QS,Random,1200,145.003,4566,5
StringQuickSort,Reverse,1200,65.5936,10535,5
StringMergeSort,Reverse,1200,845.833,26393,5
MSDRadixSort,Reverse,1200,356.631,0,5
MSDRadixSort+QS,Reverse,1200,134.896,5231,5
StringQuickSort,NearlySorted,1200,80.379,11311,5
StringMergeSort,NearlySorted,1200,877.308,26340,5
MSDRadixSort,NearlySorted,1200,349.792,0,5
MSDRadixSort+QS,NearlySorted,1200,137.469,5106,5
StringQuickSort,Prefix,1200,219.643,74179,5
StringMergeSort,Prefix,1200,1864.31,581000,5
MSDRadixSort,Prefix,1200,1776.62,0,5
MSDRadixSort+QS,Prefix,1200,1672.45,4664,5
QuickSort,Random,1300,125.737,18236,5
MergeSort,Random,1300,923.313,16103,5
QuickSort,Reverse,1300,76.8502,17541,5
MergeSort,Reverse,1300,858.629,10430,5
QuickSort,NearlySorted,1300,84.6852,19367,5
MergeSort,NearlySorted,1300,825.135,16154,5
QuickSort,Prefix,1300,342.811,709491,5
MergeSort,Prefix,1300,1102.34,605615,5
StringQuickSort,Random,1300,124.479,14678,5
StringMergeSort,Random,1300,1053.17,25876,5
MSDRadixSort,Random,1300,348.522,0,5
MSDRadixSort+QS,Random,1300,175.261,5356,5
StringQuickSort,Reverse,1300,70.4004,11505,5
StringMergeSort,Reverse,1300,996.347,29046,5
MSDRadixSort,Reverse,1300,402.864,0,5
MSDRadixSort+QS,Reverse,1300,143.758,5687,5
StringQuickSort,NearlySorted,1300,83.8414,11937,5
StringMergeSort,NearlySorted,1300,949.963,29058,5
MSDRadixSort,NearlySorted,1300,384.44,0,5
MSDRadixSort+QS,NearlySorted,1300,154.831,5605,5
StringQuickSort,Prefix,1300,231.635,78245,5
StringMergeSort,Prefix,1300,2019.31,638397,5
MSDRadixSort,Prefix,1300,1909.53,0,5
MSDRadixSort+QS,Prefix,1300,1778.76,5188,5
QuickSort,Random,1400,145.704,21946,5
MergeSort,Random,1400,995.792,17642,5
QuickSort,Reverse,1400,82.6212,18923,5
MergeSort,Reverse,1400,880.791,11197,5
QuickSort,NearlySorted,1400,90.5498,20395,5
MergeSort,NearlySorted,1400,900.109,17553,5
QuickSort,Prefix,1400,404.238,872278,5
MergeSort,Prefix,1400,1177.59,662595,5
StringQuickSort,Random,1400,130.967,14835,5
StringMergeSort,Random,1400,1120.76,28339,5
MSDRadixSort,Random,1400,351.275,0,5
MSDRadixSort+QS,Random,1400,174.59,5808,5
StringQuickSort,Reverse,1400,79.1628,12559,5
StringMergeSort,Reverse,1400,988.606,31597,5
MSDRadixSort,Reverse,1400,418.091,0,5
MSDRadixSort+QS,Reverse,1400,159.424,6115,5
StringQuickSort,NearlySorted,1400,90.6902,13224,5
StringMergeSort,NearlySorted,1400,1026.41,31688,5
MSDRadixSort,NearlySorted,1400,428.096,0,5
MSDRadixSort+QS,NearlySorted,1400,160.854,6062,5
StringQuickSort,Prefix,1400,252.244,85161,5
StringMergeSort,Prefix,1400,2174.25,695858,5
MSDRadixSort,Prefix,1400,2112.73,0,5
MSDRadixSort+QS,Prefix,1400,1912.05,5878,5
QuickSort,Random,1500,159.496,23091,5
MergeSort,Random,1500,1120.97,19175,5
QuickSort,Reverse,1500,89.6762,20590,5
MergeSort,Reverse,1500,956.954,12079,5
QuickSort,NearlySorted,1500,99.4322,22782,5
MergeSort,NearlySorted,1500,976.943,18807,5
QuickSort,Prefix,1500,417.838,891113,5
MergeSort,Prefix,1500,1279.7,718979,5
StringQuickSort,Random,1500,149.695,17620,5
StringMergeSort,Random,1500,1188.46,30759,5
MSDRadixSort,Random,1500,381.177,0,5
MSDRadixSort+QS,Random,1500,199.173,6440,5
StringQuickSort,Reverse,1500,84.6228,13633,5
StringMergeSort,Reverse,1500,1063.89,34086,5
MSDRadixSort,Reverse,1500,452.226,0,5
MSDRadixSort+QS,Reverse,1500,171.909,6536,5
StringQuickSort,NearlySorted,1500,97.8352,14209,5
StringMergeSort,NearlySorted,1500,1113.64,34221,5
MSDRadixSort,NearlySorted,1500,450.605,0,5
MSDRadixSort+QS,NearlySorted,1500,173.466,6480,5
StringQuickSort,Prefix,1500,272.676,91201,5
StringMergeSort,Prefix,1500,2335.06,753267,5
MSDRadixSort,Prefix,1500,2203.51,0,5
MSDRadixSort+QS,Prefix,1500,2054.5,6461,5
QuickSort,Random,1600,160.89,23399,5
MergeSort,Random,1600,1191.09,20785,5
QuickSort,Reverse,1600,97.3786,22074,5
MergeSort,Reverse,1600,1053.19,13059,5
QuickSort,NearlySorted,1600,112.807,24984,5
MergeSort,NearlySorted,1600,1050.86,20094,5
QuickSort,Prefix,1600,503.195,1104002,5
MergeSort,Prefix,1600,1367.7,774638,5
StringQuickSort,Random,1600,157.724,18589,5
StringMergeSort,Random,1600,1265.15,33257,5
MSDRadixSort,Random,1600,410.675,0,5
MSDRadixSort+QS,Random,1600,217.598,6969,5
StringQuickSort,Reverse,1600,91.7642,14776,5
StringMergeSort,Reverse,1600,1149.73,36743,5
MSDRadixSort,Reverse,1600,473.9,0,5
MSDRadixSort+QS,Reverse,1600,183.352,6979,5
StringQuickSort,NearlySorted,1600,106.906,15690,5
StringMergeSort,NearlySorted,1600,1200.25,36745,5
MSDRadixSort,NearlySorted,1600,479.004,0,5
MSDRadixSort+QS,NearlySorted,1600,187.662,6974,5
StringQuickSort,Prefix,1600,300.12,99924,5
StringMergeSort,Prefix,1600,2503.75,810776,5
MSDRadixSort,Prefix,1600,2342.52,0,5
MSDRadixSort+QS,Prefix,1600,2202.57,7099,5
QuickSort,Random,1700,189.012,26062,5
MergeSort,Random,1700,1276.55,22405,5
QuickSort,Reverse,1700,102.33,23485,5
MergeSort,Reverse,1700,1105.94,13869,5
QuickSort,NearlySorted,1700,119.451,25956,5
MergeSort,NearlySorted,1700,1145.78,21779,5
QuickSort,Prefix,1700,465.222,990362,5
MergeSort,Prefix,1700,1471.07,828476,5
StringQuickSort,Random,1700,163.147,18462,5
StringMergeSort,Random,1700,1350.69,35767,5
MSDRadixSort,Random,1700,436.958,0,5
MSDRadixSort+QS,Random,1700,212.302,7609,5
StringQuickSort,Reverse,1700,96.2364,15732,5
StringMergeSort,Reverse,1700,1221.31,39245,5
MSDRadixSort,Reverse,1700,507.958,0,5
MSDRadixSort+QS,Reverse,1700,186.023,7429,5
StringQuickSort,NearlySorted,1700,113.849,16526,5
StringMergeSort,NearlySorted,1700,1280.4,39501,5
MSDRadixSort,NearlySorted,1700,498.394,0,5
MSDRadixSort+QS,NearlySorted,1700,201.339,7468,5
StringQuickSort,Prefix,1700,310.997,103675,5
StringMergeSort,Prefix,1700,2700.01,868262,5
MSDRadixSort,Prefix,1700,2529.8,0,5
MSDRadixSort+QS,Prefix,1700,2438.46,7482,5
QuickSort,Random,1800,198.8,28576,5
MergeSort,Random,1800,1352.26,23945,5
QuickSort,Reverse,1800,109.96,24903,5
MergeSort,Reverse,1800,1174.46,14996,5
QuickSort,NearlySorted,1800,130.732,28786,5
MergeSort,NearlySorted,1800,1205.79,23186,5
QuickSort,Prefix,1800,500.48,1061267,5
MergeSort,Prefix,1800,1569.13,884782,5
StringQuickSort,Random,1800,179.306,20431,5
StringMergeSort,Random,1800,1413.05,38193,5
MSDRadixSort,Random,1800,466.066,0,5
MSDRadixSort+QS,Random,1800,231.515,8199,5
StringQuickSort,Reverse,1800,103.209,16969,5
StringMergeSort,Reverse,1800,1295.09,41987,5
MSDRadixSort,Reverse,1800,550.943,0,5
MSDRadixSort+QS,Reverse,1800,199.447,7880,5
StringQuickSort,NearlySorted,1800,120.455,17430,5
StringMergeSort,NearlySorted,1800,1346.94,42192,5
MSDRadixSort,NearlySorted,1800,535.887,0,5
MSDRadixSort+QS,NearlySorted,1800,224.23,7964,5
StringQuickSort,Prefix,1800,329.006,110044,5
StringMergeSort,Prefix,1800,2901.82,925730,5
MSDRadixSort,Prefix,1800,2719.82,0,5
MSDRadixSort+QS,Prefix,1800,2524.54,8435,5
QuickSort,Random,1900,205.309,30372,5
MergeSort,Random,1900,1383.34,25622,5
QuickSort,Reverse,1900,114.184,26418,5
MergeSort,Reverse,1900,1239.34,16015,5
QuickSort,NearlySorted,1900,139.813,31091,5
MergeSort,NearlySorted,1900,1299.76,24483,5
QuickSort,Prefix,1900,565.971,1218673,5
MergeSort,Prefix,1900,1671.52,941347,5
StringQuickSort,Random,1900,189.583,21749,5
StringMergeSort,Random,1900,1486.93,40746,5
MSDRadixSort,Random,1900,568.466,0,5
MSDRadixSort+QS,Random,1900,261.846,8895,5
StringQuickSort,Reverse,1900,111.829,18031,5
StringMergeSort,Reverse,1900,1385.19,44607,5
MSDRadixSort,Reverse,1900,564.697,0,5
MSDRadixSort+QS,Reverse,1900,207.252,8317,5
StringQuickSort,NearlySorted,1900,129.991,18544,5
StringMergeSort,NearlySorted,1900,1496.79,44756,5
MSDRadixSort,NearlySorted,1900,598.455,0,5
MSDRadixSort+QS,NearlySorted,1900,244.587,8427,5
StringQuickSort,Prefix,1900,359.426,115368,5
StringMergeSort,Prefix,1900,3057.34,983220,5
MSDRadixSort,Prefix,1900,2819.72,0,5
MSDRadixSort+QS,Prefix,1900,2657.57,9013,5
QuickSort,Random,2000,232.832,35600,5
MergeSort,Random,2000,1473.31,27244,5
QuickSort,Reverse,2000,119.672,28014,5
MergeSort,Reverse,2000,1303.83,17073,5
QuickSort,NearlySorted,2000,145.832,32304,5
MergeSort,NearlySorted,2000,1373.12,25559,5
QuickSort,Prefix,2000,602.236,1273270,5
MergeSort,Prefix,2000,1768.91,998214,5
StringQuickSort,Random,2000,206.839,24334,5
StringMergeSort,Random,2000,1624.55,43258,5
MSDRadixSort,Random,2000,550.262,0,5
MSDRadixSort+QS,Random,2000,261.533,9444,5
StringQuickSort,Reverse,2000,115.779,19017,5
StringMergeSort,Reverse,2000,1452.32,47243,5
MSDRadixSort,Reverse,2000,595.241,0,5
MSDRadixSort+QS,Reverse,2000,223.099,8759,5
StringQuickSort,NearlySorted,2000,135.415,19466,5
StringMergeSort,NearlySorted,2000,1486.95,47308,5
MSDRadixSort,NearlySorted,2000,600.848,0,5
MSDRadixSort+QS,NearlySorted,2000,233.246,8916,5
StringQuickSort,Prefix,2000,373.154,123235,5
StringMergeSort,Prefix,2000,3250.2,1040729,5
MSDRadixSort,Prefix,2000,2970.9,0,5
MSDRadixSort+QS,Prefix,2000,2764.45,9427,5
QuickSort,Random,2100,226.878,34821,5
MergeSort,Random,2100,1588.87,28887,5
QuickSort,Reverse,2100,127.322,29421,5
MergeSort,Reverse,2100,1445.83,17969,5
QuickSort,NearlySorted,2100,152.047,33997,5
MergeSort,NearlySorted,2100,1442.07,26887,5
QuickSort,Prefix,2100,599.513,1276051,5
MergeSort,Prefix,2100,1866.04,1055023,5
StringQuickSort,Random,2100,200.981,22518,5
StringMergeSort,Random,2100,1789.41,45878,5
MSDRadixSort,Random,2100,600.746,0,5
MSDRadixSort+QS,Random,2100,295.608,10191,5
StringQuickSort,Reverse,2100,124.962,20142,5
StringMergeSort,Reverse,2100,1608.44,49956,5
MSDRadixSort,Reverse,2100,651.019,0,5
MSDRadixSort+QS,Reverse,2100,254.337,9223,5
StringQuickSort,NearlySorted,2100,143.416,20916,5
StringMergeSort,NearlySorted,2100,1655.9,49927,5
MSDRadixSort,NearlySorted,2100,632.683,0,5
MSDRadixSort+QS,NearlySorted,2100,268.521,9351,5
StringQuickSort,Prefix,2100,399.951,128026,5
StringMergeSort,Prefix,2100,3493.98,1100926,5
MSDRadixSort,Prefix,2100,3205.97,0,5
MSDRadixSort+QS,Prefix,2100,3020.24,10077,5
QuickSort,Random,2200,242.403,36972,5
MergeSort,Random,2200,1659.47,30536,5
QuickSort,Reverse,2200,134.419,31041,5
MergeSort,Reverse,2200,1480.7,18605,5
QuickSort,NearlySorted,2200,175.071,38223,5
MergeSort,NearlySorted,2200,1522.2,28667,5
QuickSort,Prefix,2200,680.559,1481516,5
MergeSort,Prefix,2200,1976.52,1112843,5
StringQuickSort,Random,2200,217.514,24676,5
StringMergeSort,Random,2200,1933.05,48523,5
MSDRadixSort,Random,2200,628.535,0,5
MSDRadixSort+QS,Random,2200,320.546,10794,5
StringQuickSort,Reverse,2200,127.488,21081,5
StringMergeSort,Reverse,2200,1714.33,52665,5
MSDRadixSort,Reverse,2200,711.499,0,5
MSDRadixSort+QS,Reverse,2200,271.187,9636,5
StringQuickSort,NearlySorted,2200,155.709,22827,5
StringMergeSort,NearlySorted,2200,1779.64,52848,5
MSDRadixSort,NearlySorted,2200,665.437,0,5
MSDRadixSort+QS,NearlySorted,2200,293.192,9845,5
StringQuickSort,Prefix,2200,426.254,137625,5
StringMergeSort,Prefix,2200,3672.19,1163602,5
MSDRadixSort,Prefix,2200,3312.59,0,5
MSDRadixSort+QS,Prefix,2200,3092.6,10572,5
QuickSort,Random,2300,262.35,39090,5
MergeSort,Random,2300,1812.07,32227,5
QuickSort,Reverse,2300,142.083,32811,5
MergeSort,Reverse,2300,1572.54,19478,5
QuickSort,NearlySorted,2300,172.219,37953,5
MergeSort,NearlySorted,2300,1654.35,30433,5
QuickSort,Prefix,2300,723.912,1548252,5
MergeSort,Prefix,2300,2096.69,1172228,5
StringQuickSort,Random,2300,230.82,27766,5
StringMergeSort,Random,2300,2026.38,51201,5
MSDRadixSort,Random,2300,661.593,0,5
MSDRadixSort+QS,Random,2300,325.347,11349,5
StringQuickSort,Reverse,2300,136.283,22449,5
StringMergeSort,Reverse,2300,1828.01,55489,5
MSDRadixSort,Reverse,2300,715.811,0,5
MSDRadixSort+QS,Reverse,2300,276.793,10078,5
StringQuickSort,NearlySorted,2300,157.474,22912,5
StringMergeSort,NearlySorted,2300,1872.44,55826,5
MSDRadixSort,NearlySorted,2300,696.461,0,5
MSDRadixSort+QS,NearlySorted,2300,295.183,10339,5
StringQuickSort,Prefix,2300,436.485,141157,5
StringMergeSort,Prefix,2300,3919.48,1226298,5
MSDRadixSort,Prefix,2300,3537.52,0,5
MSDRadixSort+QS,Prefix,2300,3274.26,11554,5
QuickSort,Random,2400,280.556,43407,5
MergeSort,Random,2400,1865.7,33966,5
QuickSort,Reverse,2400,207.867,34205,5
MergeSort,Reverse,2400,1645.67,20175,5
QuickSort,NearlySorted,2400,181.693,40505,5
MergeSort,NearlySorted,2400,1726.5,31877,5
QuickSort,Prefix,2400,718.803,1523653,5
MergeSort,Prefix,2400,2235.02,1232975,5
StringQuickSort,Random,2400,246.064,29568,5
StringMergeSort,Random,2400,2200.12,53917,5
MSDRadixSort,Random,2400,753.84,0,5
MSDRadixSort+QS,Random,2400,415.178,12073,5
StringQuickSort,Reverse,2400,142.093,23459,5
StringMergeSort,Reverse,2400,1925.73,58153,5
MSDRadixSort,Reverse,2400,752.072,0,5
MSDRadixSort+QS,Reverse,2400,289.408,10491,5
StringQuickSort,NearlySorted,2400,165.226,24031,5
StringMergeSort,NearlySorted,2400,1953.09,58606,5
MSDRadixSort,NearlySorted,2400,719.245,0,5
MSDRadixSort+QS,NearlySorted,2400,305.075,10820,5
StringQuickSort,Prefix,2400,454.971,147537,5
StringMergeSort,Prefix,2400,4071.24,1289000,5
MSDRadixSort,Prefix,2400,3655.4,0,5
MSDRadixSort+QS,Prefix,2400,3401.63,12290,5
QuickSort,Random,2500,283.219,46023,5
MergeSort,Random,2500,2018.97,35664,5
QuickSort,Reverse,2500,156.883,35734,5
MergeSort,Reverse,2500,1728.45,21217,5
QuickSort,NearlySorted,2500,186.101,41537,5
MergeSort,NearlySorted,2500,1787.79,33613,5
QuickSort,Prefix,2500,744.985,1610320,5
MergeSort,Prefix,2500,2319.47,1293637,5
StringQuickSort,Random,2500,257.237,30321,5
StringMergeSort,Random,2500,2114.49,56589,5
MSDRadixSort,Random,2500,719.644,0,5
MSDRadixSort+QS,Random,2500,358.07,12889,5
StringQuickSort,Reverse,2500,150.637,24627,5
StringMergeSort,Reverse,2500,1930.58,61043,5
MSDRadixSort,Reverse,2500,776.578,0,5
MSDRadixSort+QS,Reverse,2500,300.291,10936,5
StringQuickSort,NearlySorted,2500,168.659,24829,5
StringMergeSort,NearlySorted,2500,2056.19,61576,5
MSDRadixSort,NearlySorted,2500,760.029,0,5
MSDRadixSort+QS,NearlySorted,2500,334.254,11280,5
StringQuickSort,Prefix,2500,479.212,154960,5
StringMergeSort,Prefix,2500,4199.29,1351723,5
MSDRadixSort,Prefix,2500,3766.03,0,5
MSDRadixSort+QS,Prefix,2500,3496.84,12786,5
QuickSort,Random,2600,302.292,44957,5
MergeSort,Random,2600,2110.13,37443,5
QuickSort,Reverse,2600,224.917,37680,5
MergeSort,Reverse,2600,1830.55,22063,5
QuickSort,NearlySorted,2600,203.928,43858,5
MergeSort,NearlySorted,2600,1918.22,35667,5
QuickSort,Prefix,2600,776.466,1618735,5
MergeSort,Prefix,2600,2432.69,1348408,5
StringQuickSort,Random,2600,268.654,30877,5
StringMergeSort,Random,2600,2256.35,59348,5
MSDRadixSort,Random,2600,764.421,0,5
MSDRadixSort+QS,Random,2600,372.19,13439,5
StringQuickSort,Reverse,2600,154.678,25628,5
StringMergeSort,Reverse,2600,2081.29,63895,5
MSDRadixSort,Reverse,2600,815.421,0,5
MSDRadixSort+QS,Reverse,2600,313.521,11376,5
StringQuickSort,NearlySorted,2600,182.977,26898,5
StringMergeSort,NearlySorted,2600,2164.74,64734,5
MSDRadixSort,NearlySorted,2600,787.061,0,5
MSDRadixSort+QS,NearlySorted,2600,337.247,11812,5
StringQuickSort,Prefix,2600,517.393,161991,5
StringMergeSort,Prefix,2600,4524.71,1414407,5
MSDRadixSort,Prefix,2600,3980.07,0,5
MSDRadixSort+QS,Prefix,2600,3675.37,13227,5
QuickSort,Random,2700,309.522,46984,5
MergeSort,Random,2700,2178.03,39206,5
QuickSort,Reverse,2700,171.674,39242,5
MergeSort,Reverse,2700,1906.96,22790,5
QuickSort,NearlySorted,2700,210.426,45782,5
MergeSort,NearlySorted,2700,1967.85,36856,5
QuickSort,Prefix,2700,811.748,1743042,5
MergeSort,Prefix,2700,2583.65,1410354,5
StringQuickSort,Random,2700,284.443,32620,5
StringMergeSort,Random,2700,2392.01,62102,5
MSDRadixSort,Random,2700,798.827,0,5
MSDRadixSort+QS,Random,2700,396.723,14579,5
StringQuickSort,Reverse,2700,165.924,26796,5
StringMergeSort,Reverse,2700,2112.49,66586,5
MSDRadixSort,Reverse,2700,846.786,0,5
MSDRadixSort+QS,Reverse,2700,329.471,11790,5
StringQuickSort,NearlySorted,2700,192.433,27486,5
StringMergeSort,NearlySorted,2700,2180.73,67521,5
MSDRadixSort,NearlySorted,2700,814.889,0,5
MSDRadixSort+QS,NearlySorted,2700,353.862,12350,5
StringQuickSort,Prefix,2700,524.925,167155,5
StringMergeSort,Prefix,2700,4567,1477159,5
MSDRadixSort,Prefix,2700,4208.53,0,5
MSDRadixSort+QS,Prefix,2700,3873.92,14118,5
QuickSort,Random,2800,325.718,48958,5
MergeSort,Random,2800,2210.56,40886,5
QuickSort,Reverse,2800,179.753,40739,5
MergeSort,Reverse,2800,1962.8,23710,5
QuickSort,NearlySorted,2800,228.153,48717,5
MergeSort,NearlySorted,2800,2012.59,38771,5
QuickSort,Prefix,2800,872.483,1806674,5
MergeSort,Prefix,2800,2649.33,1470524,5
StringQuickSort,Random,2800,290.949,33345,5
StringMergeSort,Random,2800,2547.54,64787,5
MSDRadixSort,Random,2800,838.042,0,5
MSDRadixSort+QS,Random,2800,408.952,15452,5
StringQuickSort,Reverse,2800,172.185,28004,5
StringMergeSort,Reverse,2800,2207.7,69389,5
MSDRadixSort,Reverse,2800,869.52,0,5
MSDRadixSort+QS,Reverse,2800,345.697,12219,5
StringQuickSort,NearlySorted,2800,193.992,28533,5
StringMergeSort,NearlySorted,2800,2270.95,70597,5
MSDRadixSort,NearlySorted,2800,848.084,0,5
MSDRadixSort+QS,NearlySorted,2800,363.963,12851,5
StringQuickSort,Prefix,2800,538.54,172356,5
StringMergeSort,Prefix,2800,4965.77,1539905,5
MSDRadixSort,Prefix,2800,4393.74,0,5
MSDRadixSort+QS,Prefix,2800,3983.48,14941,5
QuickSort,Random,2900,346.917,51912,5
MergeSort,Random,2900,2311.16,42758,5
QuickSort,Reverse,2900,187.215,42425,5
MergeSort,Reverse,2900,2054.94,24805,5
QuickSort,NearlySorted,2900,246.483,51826,5
MergeSort,NearlySorted,2900,2094.2,39875,5
QuickSort,Prefix,2900,965.754,2096458,5
MergeSort,Prefix,2900,2762.34,1531740,5
StringQuickSort,Random,2900,302.647,33926,5
StringMergeSort,Random,2900,2605.68,67597,5
MSDRadixSort,Random,2900,896.45,0,5
MSDRadixSort+QS,Random,2900,424.379,15574,5
StringQuickSort,Reverse,2900,177.609,29147,5
StringMergeSort,Reverse,2900,2274.99,72279,5
MSDRadixSort,Reverse,2900,913.046,0,5
MSDRadixSort+QS,Reverse,2900,350.416,12667,5
StringQuickSort,NearlySorted,2900,202.221,29932,5
StringMergeSort,NearlySorted,2900,2380.89,73395,5
MSDRadixSort,NearlySorted,2900,873.723,0,5
MSDRadixSort+QS,NearlySorted,2900,370.647,13430,5
StringQuickSort,Prefix,2900,591.829,183800,5
StringMergeSort,Prefix,2900,4921.39,1602614,5
MSDRadixSort,Prefix,2900,4563.64,0,5
MSDRadixSort+QS,Prefix,2900,4104.07,15658,5
QuickSort,Random,3000,357.747,55352,5
MergeSort,Random,3000,2380.71,44472,5
QuickSort,Reverse,3000,190.649,44012,5
MergeSort,Reverse,3000,2137.74,25784,5
QuickSort,NearlySorted,3000,247.24,52976,5
MergeSort,NearlySorted,3000,2177.45,41052,5
QuickSort,Prefix,3000,911.848,1943458,5
MergeSort,Prefix,3000,2826.01,1592545,5
StringQuickSort,Random,3000,306.44,35441,5
StringMergeSort,Random,3000,2657.47,70315,5
MSDRadixSort,Random,3000,915.032,0,5
MSDRadixSort+QS,Random,3000,453.597,16487,5
StringQuickSort,Reverse,3000,181.901,30265,5
StringMergeSort,Reverse,3000,2362.85,75035,5
MSDRadixSort,Reverse,3000,951.303,0,5
MSDRadixSort+QS,Reverse,3000,365.666,13111,5
StringQuickSort,NearlySorted,3000,216.333,31811,5
StringMergeSort,NearlySorted,3000,2372.32,76252,5
MSDRadixSort,NearlySorted,3000,866.727,0,5
MSDRadixSort+QS,NearlySorted,3000,370.725,13953,5
StringQuickSort,Prefix,3000,589.892,185721,5
StringMergeSort,Prefix,3000,5155.35,1665386,5
MSDRadixSort,Prefix,3000,4652.97,0,5
MSDRadixSort+QS,Prefix,3000,4222.7,16217,5
